Location,Base Tariff (cents/kWh),Final Per Unit Cost (cents/kWh)
Thrissur,6.47,5.94
Kozhikode,19.88,20.71
Kollam,7.58,4.46
Thiruvananthapuram,16.94,18.06
Malappuram,14.51,20.77
Thrissur,6.98,3.64
Kollam,11.97,14.98
Kollam,18.59,22.66
Kottayam,10.18,7.99
Kochi,11.72,10.2
Alappuzha,8.09,6.3
Kollam,17.34,23.46
Kochi,14.07,13.27
Kottayam,12.46,17.36
Kochi,5.34,4.42
Kottayam,14.96,14.02
Alappuzha,9.15,11.06
Kozhikode,7.51,9.23
Thrissur,16.23,11.63
Malappuram,14.54,16.38
Malappuram,5.56,4.07
Kottayam,12.16,11.25
Thiruvananthapuram,10.28,11.54
Palakkad,13.99,18.57
Kollam,17.51,19.0
Palakkad,10.42,11.25
Thrissur,19.92,18.27
Kozhikode,15.82,18.78
Thrissur,5.12,10.24
Kochi,5.05,4.76
Malappuram,17.73,18.31
Kollam,16.17,14.66
Thiruvananthapuram,12.35,15.05
Kannur,10.98,14.63
Kozhikode,12.32,14.66
Malappuram,5.88,9.44
Kannur,14.06,11.65
Kollam,7.63,8.66
Thiruvananthapuram,9.32,12.21
Kannur,13.04,14.33
Kollam,15.93,15.95
Alappuzha,7.58,4.51
Kollam,12.56,11.2
Thrissur,8.73,12.33
Kollam,11.52,13.46
Alappuzha,15.45,14.18
Thiruvananthapuram,9.38,9.29
Kochi,7.8,9.97
Alappuzha,5.35,5.9
Thrissur,19.4,19.47
Kottayam,18.38,18.18
Kochi,7.71,7.17
Malappuram,11.83,11.48
Kochi,19.0,19.28
Kollam,15.03,13.86
Kollam,15.08,13.01
Thrissur,19.47,16.57
Alappuzha,17.33,16.88
Thrissur,10.44,6.06
Kollam,16.09,15.44
Malappuram,17.58,19.8
Kottayam,13.79,15.18
Malappuram,5.16,11.06
Kottayam,18.92,18.89
Alappuzha,5.63,3.0
Kochi,9.31,7.92
Kollam,13.34,13.21
Kannur,15.21,15.12
Kottayam,5.71,10.48
Thrissur,8.14,7.67
Alappuzha,16.24,16.05
Kottayam,14.6,13.72
Palakkad,17.54,17.3
Palakkad,17.3,17.85
Palakkad,7.54,13.86
Kottayam,14.06,12.35
Kollam,18.2,20.58
Kottayam,11.16,14.07
Kottayam,5.69,3.0
Kochi,19.98,23.55
Kannur,8.1,7.61
Kannur,15.12,17.32
Thiruvananthapuram,8.19,9.55
Alappuzha,12.71,16.33
Kottayam,15.51,18.31
Kozhikode,16.53,19.13
Kannur,8.85,12.59
Kollam,9.36,7.84
Kottayam,11.18,13.08
Thiruvananthapuram,15.22,17.08
Malappuram,7.36,8.04
Kozhikode,12.54,13.8
Kollam,17.69,17.87
Kannur,15.68,17.56
Thrissur,5.1,10.91
Palakkad,18.36,20.25
Kannur,15.19,12.63
Kozhikode,18.22,18.43
Kannur,7.09,6.64
Kottayam,17.01,22.48
Alappuzha,12.51,16.58
Kollam,16.21,19.09
Thiruvananthapuram,7.9,8.3
Thrissur,19.87,26.17
Palakkad,14.19,16.05
Kollam,16.45,22.06
Malappuram,5.05,3.69
Kottayam,6.67,5.26
Malappuram,13.03,11.89
Thrissur,5.25,3.74
Kochi,16.1,18.5
Kochi,17.14,13.81
Palakkad,5.26,11.43
Kollam,7.79,7.33
Malappuram,13.53,16.29
Kozhikode,9.2,10.86
Kollam,15.53,14.85
Palakkad,16.91,18.95
Palakkad,17.56,20.45
Kochi,9.93,7.08
Thrissur,13.29,11.5
Malappuram,13.09,13.8
Kozhikode,9.44,8.28
Kollam,16.77,18.37
Thrissur,5.84,4.18
Kannur,8.37,5.87
Kochi,8.31,10.73
Kozhikode,14.52,16.14
Kollam,10.84,11.45
Palakkad,18.09,20.18
Kannur,19.42,15.84
Alappuzha,17.19,17.79
Thrissur,5.87,6.46
Kozhikode,6.34,10.28
Kochi,11.42,14.69
Kochi,10.6,9.62
Thrissur,11.6,10.34
Kozhikode,16.46,19.1
Kannur,18.32,17.32
Kannur,11.74,9.07
Kozhikode,16.71,17.44
Malappuram,19.78,23.47
Kochi,7.83,9.4
Kannur,16.37,16.77
Kozhikode,9.46,11.43
Kollam,10.93,15.98
Malappuram,10.41,11.6
Kannur,18.4,21.27
Thiruvananthapuram,17.13,21.38
Alappuzha,10.83,10.29
Palakkad,6.57,9.71
Palakkad,14.7,16.57
Kottayam,13.57,11.93
Malappuram,12.01,13.83
Malappuram,19.42,21.44
Malappuram,6.02,10.11
Palakkad,9.11,8.97
Thrissur,16.21,16.72
Thiruvananthapuram,10.27,11.91
Alappuzha,8.85,9.83
Thrissur,5.29,9.44
Kottayam,15.05,13.78
Malappuram,10.89,9.36
Thiruvananthapuram,14.0,17.55
Kozhikode,16.51,19.69
Alappuzha,7.0,12.91
Alappuzha,7.24,6.74
Kottayam,9.04,10.68
Kannur,15.69,18.98
Palakkad,14.61,16.18
Kochi,12.09,8.55
Kannur,14.34,15.68
Kottayam,5.58,5.24
Thrissur,11.72,15.89
Kozhikode,6.77,5.33
Kozhikode,13.29,17.07
Thiruvananthapuram,18.87,20.85
Kottayam,10.29,9.33
Kozhikode,8.66,9.99
Kochi,19.73,23.02
Kozhikode,18.43,24.73
Kollam,11.98,11.72
Thiruvananthapuram,11.43,14.34
Thiruvananthapuram,13.37,17.76
Kottayam,7.32,10.48
Thiruvananthapuram,5.92,3.0
Kannur,11.58,16.75
Kollam,17.79,18.41
Malappuram,14.48,16.53
Kozhikode,9.5,12.36
Palakkad,7.45,8.1
Kannur,15.49,14.97
Kollam,12.32,15.54
Alappuzha,6.08,10.32
Malappuram,17.66,22.85
Kozhikode,10.73,11.92
Kottayam,16.97,21.72
Kollam,17.64,19.15
Malappuram,5.66,5.66
Kozhikode,15.37,14.59
Alappuzha,12.18,17.4
Kottayam,13.18,12.21
Kottayam,18.38,19.08
Thiruvananthapuram,8.39,5.98
Kollam,11.95,11.09
Thiruvananthapuram,12.2,15.47
Kottayam,9.05,8.72
Alappuzha,16.37,16.48
Thrissur,13.03,9.72
Kollam,18.66,17.22
Thrissur,15.15,15.24
Palakkad,8.33,10.97
Thrissur,9.5,9.67
Thrissur,11.25,13.7
Alappuzha,12.02,15.93
Kochi,8.96,12.01
Kollam,12.58,11.84
Palakkad,7.37,11.33
Alappuzha,11.01,8.25
Kochi,5.48,6.53
Kannur,6.37,5.31
Alappuzha,9.34,7.93
Thrissur,18.99,24.25
Malappuram,9.6,13.29
Kochi,16.88,17.77
Malappuram,12.02,10.56
Alappuzha,16.05,16.28
Kottayam,5.12,8.81
Kochi,19.36,17.86
Kannur,12.33,15.1
Kochi,5.16,3.26
Kozhikode,5.55,8.2
Kollam,13.12,11.68
Kannur,12.42,10.99
Malappuram,9.2,9.92
Thiruvananthapuram,9.46,16.11
Kannur,5.1,4.88
Palakkad,9.12,13.98
Thrissur,6.0,5.55
Kozhikode,9.82,10.99
Alappuzha,12.76,10.99
Malappuram,15.93,14.95
Thiruvananthapuram,17.96,20.78
Alappuzha,5.32,3.0
Kottayam,5.1,6.84
Kochi,11.09,12.53
Kochi,19.2,24.13
Alappuzha,10.67,13.15
Thiruvananthapuram,18.89,17.4
Thiruvananthapuram,7.3,6.89
Kottayam,8.38,9.67
Kochi,17.04,17.21
Kannur,5.73,12.2
Kozhikode,7.06,7.33
Kottayam,13.48,10.15
Alappuzha,13.6,12.59
Kochi,19.51,21.13
Alappuzha,9.52,9.95
Palakkad,7.2,3.7
Kollam,16.47,16.91
Kollam,10.56,11.83
Malappuram,10.3,12.47
Kochi,5.89,8.1
Thiruvananthapuram,7.87,7.96
Kozhikode,10.69,13.08
Palakkad,8.53,12.91
Kottayam,16.26,20.05
Alappuzha,6.23,6.22
Kochi,13.52,14.24
Kochi,5.57,5.49
Alappuzha,10.38,11.38
Kochi,7.6,5.91
Thrissur,19.52,20.83
Kochi,14.72,14.55
Kannur,7.35,9.95
Thiruvananthapuram,19.6,19.34
Alappuzha,15.95,13.95
Alappuzha,8.85,7.58
Alappuzha,10.38,10.1
Kottayam,19.32,21.2
Thrissur,9.27,9.77
Thrissur,11.82,7.42
Kollam,6.57,3.11
Thiruvananthapuram,16.69,13.58
Kannur,10.8,14.06
Malappuram,11.93,14.35
Alappuzha,8.92,7.92
Thiruvananthapuram,17.83,14.92
Kannur,16.37,16.53
Alappuzha,5.39,3.0
Kollam,9.48,8.6
Kochi,8.24,15.98
Thrissur,10.18,9.77
Kottayam,6.73,3.0
Palakkad,16.96,19.62
Palakkad,17.74,23.71
Thiruvananthapuram,8.74,14.9
Kottayam,7.78,9.79
Palakkad,5.21,3.84
Thrissur,19.86,21.62
Palakkad,15.26,21.09
Palakkad,8.43,10.87
Kollam,11.18,8.99
Palakkad,18.37,22.28
Malappuram,13.49,10.35
Kollam,19.76,18.21
Kollam,19.56,22.57
Palakkad,5.93,3.0
Palakkad,15.91,14.83
Alappuzha,13.88,12.37
Malappuram,16.57,18.06
Palakkad,13.81,14.62
Kochi,14.06,14.79
Kozhikode,14.11,10.82
Alappuzha,19.86,24.02
Kollam,6.18,6.19
Kochi,14.81,13.53
Malappuram,9.69,12.61
Malappuram,12.92,15.1
Thrissur,6.4,9.13
Kannur,17.71,16.9
Kochi,6.08,8.33
Palakkad,7.34,7.38
Kozhikode,13.17,18.56
Alappuzha,19.61,19.9
Kozhikode,9.19,10.03
Palakkad,7.62,4.22
Kottayam,11.58,11.17
Kollam,15.17,11.57
Palakkad,16.9,16.56
Kottayam,16.68,17.87
Thiruvananthapuram,15.9,17.37
Alappuzha,15.91,17.22
Kollam,6.6,6.75
Palakkad,10.88,11.51
Kozhikode,7.3,4.11
Kottayam,5.53,8.75
Thiruvananthapuram,5.77,7.06
Malappuram,15.76,17.95
Palakkad,5.69,8.17
Kochi,15.97,11.99
Palakkad,6.81,7.81
Kottayam,11.55,14.32
Malappuram,13.63,16.43
Malappuram,6.24,6.37
Thiruvananthapuram,11.21,11.67
Thiruvananthapuram,8.61,9.72
Kollam,10.19,9.34
Kollam,16.72,15.86
Palakkad,7.67,8.62
Alappuzha,15.87,20.28
Kannur,19.46,24.05
Thiruvananthapuram,9.71,11.57
Kannur,19.04,17.51
Thiruvananthapuram,13.49,10.91
Kannur,11.24,6.85
Thiruvananthapuram,8.66,13.44
Malappuram,9.83,10.68
Malappuram,8.17,9.12
Kollam,14.0,15.56
Palakkad,7.87,13.83
Kannur,18.28,17.86
Thiruvananthapuram,7.18,9.09
Malappuram,19.92,19.76
Palakkad,17.04,18.33
Kozhikode,19.98,23.49
Palakkad,11.91,11.03
Kozhikode,15.52,14.09
Palakkad,10.0,14.1
Malappuram,11.38,16.94
Kottayam,17.71,17.8
Kannur,7.71,12.59
Kollam,13.33,14.37
Kannur,19.22,16.51
Thiruvananthapuram,15.03,14.16
Malappuram,14.42,14.5
Malappuram,6.74,4.02
Palakkad,10.69,7.94
Kochi,15.86,13.92
Palakkad,18.01,18.46
Thiruvananthapuram,13.65,16.68
Palakkad,13.83,14.79
Kannur,8.4,4.55
Kozhikode,8.63,7.4
Alappuzha,8.21,5.37
Malappuram,6.94,6.68
Thiruvananthapuram,17.03,19.83
Kollam,17.03,19.59
Kollam,12.8,11.35
Kottayam,9.11,5.87
Thrissur,12.11,15.92
Kochi,12.42,15.4
Kochi,17.59,16.49
Kottayam,7.46,9.2
Kannur,15.49,18.41
Palakkad,11.43,10.12
Kozhikode,6.36,5.38
Thrissur,5.53,6.67
Thrissur,14.39,11.45
Thrissur,11.49,14.4
Thrissur,6.48,9.98
Thiruvananthapuram,13.21,15.06
Kozhikode,11.79,18.74
Thiruvananthapuram,10.52,12.31
Kochi,11.14,12.39
Thrissur,18.09,17.77
Kannur,17.53,23.41
Malappuram,19.54,17.97
Kottayam,6.88,9.71
Alappuzha,6.76,9.08
Kottayam,12.07,16.29
Kozhikode,12.73,18.0
Thrissur,6.63,10.74
Kottayam,8.97,5.54
Thrissur,19.38,22.68
Kottayam,11.09,8.02
Malappuram,11.28,7.92
Kannur,11.67,14.89
Kozhikode,19.9,20.81
Malappuram,7.44,5.39
Kottayam,6.22,7.49
Thiruvananthapuram,6.88,8.74
Kottayam,5.26,3.04
Kozhikode,17.71,23.16
Palakkad,6.95,8.13
Alappuzha,10.07,8.82
Kozhikode,5.98,4.79
Palakkad,7.89,8.2
Malappuram,9.36,10.4
Alappuzha,6.97,8.57
Kochi,6.5,6.57
Kozhikode,5.93,7.52
Alappuzha,18.59,14.76
Palakkad,19.75,18.45
Kozhikode,11.99,12.05
Malappuram,19.27,17.11
Alappuzha,15.94,17.19
Thiruvananthapuram,16.51,20.4
Malappuram,8.23,10.34
Thrissur,15.84,11.91
Kannur,19.88,21.62
Malappuram,5.86,5.17
Alappuzha,6.07,7.27
Palakkad,15.06,18.87
Kollam,15.49,13.82
Kottayam,17.57,22.59
Thiruvananthapuram,16.76,14.25
Kannur,16.22,17.91
Alappuzha,15.19,15.85
Kozhikode,8.63,11.98
Kannur,19.38,23.4
Malappuram,16.56,18.46
Kannur,19.55,18.05
Kottayam,6.76,8.39
Thrissur,13.6,15.76
Kannur,13.88,13.87
Kochi,6.22,8.68
Kannur,11.87,14.19
Palakkad,19.59,20.41
Thiruvananthapuram,10.16,6.56
Kochi,19.14,17.52
Kochi,10.87,8.97
Thrissur,16.11,20.88
Kochi,7.29,8.68
Thiruvananthapuram,5.77,3.82
Kozhikode,7.25,10.2
Kozhikode,7.3,10.03
Kannur,8.12,12.8
Kannur,13.68,15.77
Alappuzha,6.09,4.13
Alappuzha,19.91,19.2
Kottayam,12.57,15.64
Thiruvananthapuram,10.18,12.03
Alappuzha,9.79,8.83
Kannur,12.19,9.02
Malappuram,14.39,11.12
Kochi,14.41,12.45
Palakkad,15.29,11.61
Kannur,9.42,11.33
Thrissur,15.42,13.48
Thiruvananthapuram,17.82,15.83
Palakkad,19.45,20.03
Kottayam,15.56,14.32
Kannur,18.47,20.61
Kozhikode,9.71,11.0
Malappuram,18.6,14.93
Alappuzha,5.67,3.79
Kollam,8.65,10.44
Alappuzha,10.21,5.33
Kottayam,15.59,18.04
Kottayam,16.31,16.32
Kochi,7.01,4.76
Thrissur,10.78,13.78
Malappuram,10.55,12.99
Thrissur,6.42,4.91
Kannur,13.03,10.37
Thiruvananthapuram,18.44,20.35
Alappuzha,16.22,16.67
Alappuzha,10.97,7.81
Thrissur,16.15,18.08
Kottayam,9.52,7.01
Kollam,10.42,12.8
Kochi,17.16,12.51
Thrissur,14.01,15.49
Kannur,5.75,4.33
Malappuram,18.66,24.27
Thrissur,12.59,16.97
Kochi,6.66,4.87
Kottayam,13.28,9.53
Kollam,13.07,12.6
Alappuzha,18.48,21.01
Kochi,19.04,20.08
Kozhikode,6.09,3.71
Kottayam,18.53,20.16
Alappuzha,10.14,11.79
Kannur,18.23,21.18
Malappuram,16.86,14.77
Kollam,14.95,15.72
Kottayam,16.52,18.22
Kozhikode,5.41,9.23
Thrissur,12.0,14.59
Alappuzha,18.62,18.54
Kottayam,13.59,15.22
Kannur,18.08,22.73
Kozhikode,6.82,5.05
Kollam,14.65,15.2
Thrissur,9.3,14.81
Malappuram,14.43,18.12
Malappuram,11.93,12.46
Malappuram,16.71,13.27
Alappuzha,13.95,14.76
Thrissur,17.04,18.2
Thrissur,15.34,15.77
Thiruvananthapuram,14.16,20.01
Kannur,17.21,14.34
Palakkad,6.85,9.85
Kozhikode,11.47,16.71
Kannur,15.92,17.44
Alappuzha,16.02,12.65
Alappuzha,19.67,19.46
Alappuzha,10.83,12.42
Palakkad,8.72,11.38
Kozhikode,15.43,15.15
Kollam,10.02,10.53
Kozhikode,7.19,10.01
Malappuram,12.96,12.33
Palakkad,17.11,13.06
Alappuzha,13.23,14.7
Palakkad,6.36,10.65
Alappuzha,15.88,14.97
Kottayam,14.63,14.66
Thrissur,14.37,17.86
Malappuram,13.8,17.96
Thiruvananthapuram,12.41,12.51
Palakkad,14.08,16.08
Alappuzha,16.01,16.43
Kozhikode,18.01,18.32
Thiruvananthapuram,19.39,22.0
Kochi,9.21,11.29
Palakkad,7.32,5.23
Alappuzha,15.93,15.61
Palakkad,19.09,17.14
Kannur,17.31,20.0
Kochi,14.31,21.23
Malappuram,8.44,12.17
Thrissur,14.69,18.79
Thrissur,14.91,16.11
Kozhikode,9.7,11.76
Thrissur,7.43,9.91
Thrissur,5.45,9.62
Kottayam,18.23,18.54
Kannur,13.32,11.61
Kannur,19.05,21.78
Thiruvananthapuram,7.07,12.12
Kollam,19.38,18.74
Thiruvananthapuram,10.76,6.95
Kochi,14.77,19.21
Kottayam,9.82,10.8
Thiruvananthapuram,18.14,21.46
Thrissur,10.32,9.35
Kottayam,5.33,6.24
Kannur,6.83,13.63
Thiruvananthapuram,15.92,16.03
Thrissur,7.04,5.04
Alappuzha,16.68,14.8
Thrissur,14.9,16.01
Palakkad,18.23,16.18
Malappuram,10.27,5.99
Thiruvananthapuram,12.17,15.67
Thiruvananthapuram,9.19,7.33
Thiruvananthapuram,10.51,9.14
Kozhikode,14.66,14.29
Kochi,6.99,13.1
Kozhikode,9.86,15.06
Thrissur,19.48,21.14
Thiruvananthapuram,8.59,9.89
Alappuzha,6.8,8.72
Thrissur,18.88,22.98
Kannur,16.18,20.04
Kollam,17.8,17.71
Palakkad,11.29,12.21
Kottayam,19.04,21.31
Kollam,10.08,12.97
Kannur,14.59,18.31
Thrissur,18.65,21.27
Kannur,13.63,11.19
Malappuram,9.02,7.26
Alappuzha,6.95,8.31
Palakkad,11.77,13.6
Kannur,13.1,13.7
Alappuzha,8.17,10.49
Malappuram,15.97,23.36
Thiruvananthapuram,6.74,7.74
Alappuzha,11.19,7.26
Kollam,6.12,10.57
Alappuzha,8.94,9.95
Kozhikode,17.72,21.63
Thiruvananthapuram,12.7,12.88
Kollam,16.85,21.22
Alappuzha,6.71,7.48
Alappuzha,8.83,7.83
Alappuzha,11.24,12.38
Palakkad,12.24,16.31
Thiruvananthapuram,12.32,13.85
Kollam,7.64,7.76
Thiruvananthapuram,6.82,5.91
Palakkad,18.69,19.02
Kollam,6.3,4.19
Malappuram,17.2,19.73
Kollam,10.38,10.25
Alappuzha,14.1,12.45
Kochi,11.82,14.19
Kollam,8.51,8.85
Kozhikode,8.27,8.79
Kottayam,9.21,12.04
Kannur,19.02,26.08
Kollam,17.28,16.58
Palakkad,19.56,19.46
Kollam,16.15,13.22
Thiruvananthapuram,9.26,10.39
Kochi,16.8,16.37
Kochi,8.06,6.33
Palakkad,13.81,17.38
Kottayam,17.74,18.4
Kannur,5.48,4.35
Thrissur,18.86,20.72
Thrissur,18.24,14.84
Thiruvananthapuram,14.18,14.79
Kannur,8.61,9.08
Thrissur,11.3,10.39
Kannur,19.23,19.29
Thrissur,7.99,8.31
Palakkad,6.47,7.04
Malappuram,13.55,12.26
Kannur,16.5,17.27
Malappuram,10.41,11.62
Palakkad,7.93,11.48
Kozhikode,7.86,6.88
Kozhikode,12.96,14.83
Thrissur,16.27,18.22
Kottayam,17.96,16.77
Kozhikode,11.13,12.12
Kochi,9.07,10.37
Alappuzha,10.12,14.1
Palakkad,5.19,12.46
Malappuram,8.93,7.16
Kannur,6.97,6.33
Kollam,10.17,11.93
Kannur,15.98,17.62
Palakkad,7.86,8.13
Kottayam,15.91,14.47
Kozhikode,9.65,9.74
Kottayam,12.61,9.56
Kottayam,14.65,14.57
Thrissur,16.49,18.48
Palakkad,7.1,9.74
Kottayam,15.74,17.96
Kochi,12.03,18.57
Kollam,7.35,6.84
Kozhikode,16.65,20.68
Alappuzha,13.51,13.46
Kochi,7.01,7.18
Thiruvananthapuram,5.46,4.92
Alappuzha,5.37,7.75
Kottayam,17.87,24.02
Kollam,17.18,19.57
Malappuram,7.15,6.55
Alappuzha,17.31,23.48
Kollam,10.35,13.01
Kozhikode,8.46,14.17
Malappuram,12.25,8.39
Kottayam,6.1,7.37
Kottayam,11.69,12.48
Kottayam,8.92,7.31
Kannur,8.46,8.41
Kollam,11.96,16.14
Thrissur,11.38,15.05
Kannur,5.42,9.34
Kozhikode,18.32,17.38
Kozhikode,11.81,14.51
Malappuram,13.66,14.26
Kochi,12.15,14.81
Kochi,15.78,19.14
Kottayam,9.48,12.69
Malappuram,9.81,14.01
Kollam,7.35,10.03
Kozhikode,7.09,7.02
Alappuzha,18.29,18.1
Alappuzha,17.93,23.04
Thrissur,9.44,8.92
Thiruvananthapuram,14.43,13.3
Kozhikode,6.38,10.25
Malappuram,17.07,19.44
Kannur,12.01,11.93
Thiruvananthapuram,18.16,17.86
Kottayam,9.97,16.16
Kannur,12.7,13.57
Kollam,14.52,11.46
Palakkad,8.81,10.0
Kottayam,18.01,15.4
Kollam,7.73,7.89
Kochi,17.69,15.88
Kottayam,12.94,14.74
Kochi,7.34,10.64
Kottayam,10.74,17.92
Thiruvananthapuram,15.09,17.65
Kozhikode,5.34,9.19
Kannur,5.17,8.39
Kottayam,13.46,11.9
Kochi,12.63,15.18
Alappuzha,10.9,11.36
Kottayam,16.38,12.82
Thrissur,10.46,12.41
Kochi,7.46,9.44
Palakkad,16.5,18.84
Thrissur,8.4,11.21
Malappuram,13.85,20.4
Kollam,5.4,7.47
Thiruvananthapuram,8.34,8.47
Alappuzha,17.7,16.88
Thiruvananthapuram,6.41,3.0
Alappuzha,11.45,10.0
Thiruvananthapuram,18.93,22.42
Malappuram,18.2,19.51
Palakkad,10.13,9.67
Thrissur,11.48,16.52
Kozhikode,12.73,11.46
Kollam,19.24,19.1
Thiruvananthapuram,5.5,5.6
Kollam,9.88,10.27
Kochi,12.59,16.96
Kozhikode,5.41,5.06
Alappuzha,10.15,12.15
Kottayam,9.17,12.21
Kannur,9.74,14.59
Kottayam,17.46,21.58
Alappuzha,19.17,19.03
Thrissur,19.46,21.36
Malappuram,19.52,23.22
Thrissur,11.28,12.12
Kottayam,16.9,15.36
Kannur,10.91,12.25
Kollam,18.13,18.41
Malappuram,10.58,11.09
Thiruvananthapuram,18.17,20.28
Thiruvananthapuram,6.39,4.96
Alappuzha,19.54,15.02
Kozhikode,19.99,21.56
Kollam,12.51,15.21
Thrissur,14.09,16.75
Kannur,6.99,9.92
Kannur,16.0,18.63
Thrissur,7.04,9.01
Alappuzha,8.1,7.09
Thrissur,16.48,17.53
Kozhikode,17.52,16.25
Alappuzha,10.01,12.71
Thiruvananthapuram,5.97,7.96
Kottayam,10.19,11.83
Kottayam,11.82,12.97
Kollam,9.94,12.89
Kannur,15.31,16.04
Kottayam,17.21,15.98
Thiruvananthapuram,14.56,17.88
Palakkad,19.46,19.79
Thiruvananthapuram,17.25,19.77
Kochi,16.9,13.8
Kannur,13.85,16.63
Kochi,14.12,14.89
Kottayam,10.05,11.01
Kochi,8.17,6.58
Thiruvananthapuram,7.87,5.74
Palakkad,13.11,14.75
Alappuzha,11.03,10.81
Malappuram,10.08,10.97
Thrissur,15.72,22.76
Thrissur,6.63,11.35
Kannur,9.53,9.81
Kannur,10.55,9.08
Kozhikode,5.29,3.0
Palakkad,9.49,7.41
Thiruvananthapuram,17.32,14.24
Kollam,19.83,17.99
Malappuram,16.69,17.53
Kollam,13.32,12.9
Malappuram,13.79,13.42
Kannur,15.17,16.55
Kozhikode,19.61,17.25
Kozhikode,6.7,10.32
Malappuram,18.44,18.17
Alappuzha,10.51,12.76
Malappuram,10.33,18.11
Malappuram,14.91,13.18
Kottayam,8.46,11.99
Kozhikode,15.39,13.85
Kozhikode,10.01,11.79
Thiruvananthapuram,17.31,20.53
Thiruvananthapuram,13.56,13.0
Thiruvananthapuram,6.54,6.52
Kochi,9.84,12.66
Thiruvananthapuram,5.96,7.79
Kochi,8.91,15.07
Alappuzha,9.93,6.64
Kozhikode,15.84,18.06
Thrissur,7.92,10.6
Alappuzha,9.54,9.25
Palakkad,7.29,7.13
Kochi,18.69,21.73
Kottayam,5.99,3.93
Kottayam,19.63,22.36
Kollam,11.37,14.33
Thiruvananthapuram,9.24,9.1
Kottayam,9.51,9.09
Kochi,9.13,10.04
Kottayam,11.41,11.46
Kochi,7.85,10.01
Thiruvananthapuram,8.19,8.11
Kozhikode,5.21,12.48
Kozhikode,7.55,7.75
Kollam,13.97,14.85
Thrissur,8.72,11.3
Kozhikode,17.72,20.27
Thrissur,15.45,15.49
Malappuram,8.37,7.49
Kannur,10.59,11.46
Thiruvananthapuram,11.56,11.36
Kollam,8.76,8.76
Kozhikode,9.0,8.49
Malappuram,10.04,10.5
Thiruvananthapuram,7.93,9.55
Kottayam,11.73,10.68
Kannur,11.41,13.39
Thrissur,7.49,5.47
Thrissur,5.37,5.36
Kannur,18.21,21.24
Alappuzha,8.51,8.11
Palakkad,15.99,15.47
Palakkad,13.14,12.89
Malappuram,9.51,11.26
Kollam,16.07,20.87
Kozhikode,15.33,18.1
Kollam,17.39,19.08
Kannur,10.8,14.55
Kollam,18.22,21.15
Kochi,13.52,14.22
Kollam,12.19,11.16
Thiruvananthapuram,17.19,19.12
Kannur,17.4,19.42
Palakkad,9.14,11.09
Palakkad,5.88,8.19
Kochi,11.84,10.93
Kollam,14.75,13.01
Palakkad,5.82,9.18
Alappuzha,19.25,22.17
Thrissur,18.41,17.42
Alappuzha,18.98,19.39
Malappuram,8.45,5.62
Thiruvananthapuram,5.42,11.53
Kannur,11.97,16.11
Palakkad,6.26,13.42
Kottayam,17.64,18.64
Alappuzha,18.36,17.46
Thrissur,13.52,14.95
Kannur,17.22,21.38
Malappuram,15.66,17.7
Palakkad,6.73,5.67
Kochi,15.2,17.54
Kottayam,8.49,8.21
Kannur,9.88,12.64
Thrissur,7.84,13.33
Kannur,12.7,15.59
Alappuzha,13.02,14.2
Kottayam,16.24,15.21
Kozhikode,5.29,4.48
Kollam,10.49,14.24
Kannur,19.72,21.1
Palakkad,14.38,13.34
Kochi,17.34,14.08
Thiruvananthapuram,17.6,13.64
Malappuram,10.81,6.93
Thrissur,19.54,23.69
Kochi,16.52,18.37
Thiruvananthapuram,5.51,9.29
Alappuzha,10.77,15.74
Alappuzha,8.69,10.48
Thiruvananthapuram,14.78,13.41
Kochi,17.49,21.63
Thrissur,14.74,16.56
Palakkad,6.55,8.87
Kannur,6.75,4.96
Palakkad,15.11,19.06
Kochi,15.3,14.58
Palakkad,14.03,14.26
Kottayam,9.55,8.37
Kottayam,5.47,10.67
Kozhikode,10.53,11.64
Kannur,14.53,12.94
Alappuzha,14.71,13.86
Kannur,18.81,19.49
Thrissur,13.0,13.7
Palakkad,15.02,15.39
Thrissur,8.92,9.04
Alappuzha,16.33,20.68
Malappuram,8.81,15.06
Alappuzha,5.4,10.42
Kozhikode,14.33,13.95
Kannur,14.12,16.7
Kottayam,14.38,15.26
Kozhikode,6.04,9.28
Kozhikode,7.91,4.62
Kochi,13.99,18.63
Thrissur,10.21,15.74
Kollam,12.46,14.66
Thiruvananthapuram,15.43,17.45
Thrissur,10.0,13.39
Thrissur,19.5,19.64
Kollam,16.48,17.07
Thrissur,10.55,12.31
Kollam,12.14,11.24
Palakkad,14.43,19.44
Kottayam,19.63,20.06
Kochi,12.75,12.9
Alappuzha,9.45,6.38
Kozhikode,13.83,14.04
Kollam,9.67,9.84
Thrissur,17.42,13.05
Kannur,17.17,18.1
Thrissur,16.89,19.79
Kollam,19.54,20.4
Kollam,15.42,16.25
Alappuzha,9.82,9.94
Kochi,11.91,11.84
Kottayam,6.44,6.61
Palakkad,11.01,9.9
Malappuram,6.53,9.92
Kollam,14.63,14.26
Kozhikode,14.27,15.98
Kozhikode,17.54,18.73
Palakkad,14.49,11.46
Thiruvananthapuram,13.78,19.72
Kollam,10.23,15.07
Alappuzha,14.07,14.52
Thiruvananthapuram,10.59,15.26
Thrissur,12.84,16.44
Kozhikode,10.41,9.18
Kannur,18.0,21.33
Malappuram,6.18,6.2
Thrissur,18.39,19.42
Thiruvananthapuram,17.05,19.46
Thrissur,5.34,3.0
Kozhikode,13.0,13.64
Thrissur,9.66,12.14
Palakkad,15.73,15.75
Thiruvananthapuram,5.66,5.37
Thiruvananthapuram,7.89,7.39
Malappuram,11.44,14.19
Palakkad,18.55,20.02
Kannur,8.11,5.69
Kozhikode,17.63,16.98
Kottayam,12.01,14.46
Kochi,8.76,8.08
Malappuram,15.36,13.43
Kannur,11.57,10.0
Kannur,12.06,16.88
Kottayam,14.8,15.53
Thrissur,5.62,3.0
Kannur,9.3,11.58
Thiruvananthapuram,15.73,13.95
Kottayam,18.99,20.05
Malappuram,14.07,18.17
Kottayam,18.9,20.99
Kozhikode,15.66,12.14
Kannur,14.15,14.18
Thrissur,16.84,20.83
Malappuram,11.44,8.44
Kozhikode,8.68,10.16
Kannur,19.93,19.03
Kollam,9.28,11.72
Kozhikode,19.77,21.18
Malappuram,13.45,12.44
